ticker,mean,q10,q50,q90,n,q10_adj,q50_adj,q90_adj,mean_adj,hist_mean_6m,shift
SPY,-0.1425495743751526,-0.3784421682357788,-0.09766584634780884,0.14497649669647217,343,-0.23164993072344697,0.049126391164523,0.291768734208804,0.004242663137179248,0.049126391164522984,0.14679223751233184
QQQ,-0.02633655071258545,-0.2493155598640442,0.012820720672607422,0.26068365573883057,329,-0.19590228769948215,0.06623399283716948,0.3140969279033926,0.027076721451976607,0.06623399283716948,0.053413272164562056
IWM,-0.13279879093170166,-0.35540562868118286,-0.08962768316268921,0.15383446216583252,315,-0.2171566248542556,0.04862132066423805,0.2920834659927598,0.005450212895225598,0.04862132066423805,0.13824900382692726
EFA,0.0015451908111572266,-0.1144525408744812,0.014271020889282227,0.14254629611968994,300,-0.08738128274289868,0.04134227902086475,0.16961755425127245,0.02861644894273975,0.04134227902086475,0.027071258131582523
EEM,-0.10141420364379883,-0.27437567710876465,-0.07594770193099976,0.14911746978759766,280,-0.14309540418189645,0.05533257099586844,0.2803977427144658,0.02986606928306937,0.055332570995868434,0.1312802729268682
VNQ,-0.07929790019989014,-0.1932656168937683,-0.0497286319732666,0.07102680206298828,263,-0.09644108684262702,0.04709589807787469,0.16785133211412956,0.017526629851251155,0.04709589807787469,0.09682453005114129
TLT,-0.005388021469116211,-0.10211408138275146,-0.0035247802734375,0.09680676460266113,289,-0.07664099105809277,0.0219483100512212,0.12227985492731983,0.02008506885554249,0.0219483100512212,0.0254730903246587
IEF,0.0005614757537841797,-0.04372715950012207,0.001180410385131836,0.058051466941833496,289,-0.026462796698824242,0.018444773186429664,0.07531582974313132,0.017825838555082008,0.018444773186429664,0.01726436280129783
LQD,-0.003969788551330566,-0.04841870069503784,0.008730173110961914,0.07074487209320068,289,-0.033550071927482855,0.023598801878516904,0.08561350086075567,0.010898840216224424,0.023598801878516904,0.01486862876755499
HYG,-0.0033237338066101074,-0.041462838649749756,0.007636547088623047,0.042264342308044434,232,-0.02163876642100649,0.027460619317366312,0.0620884145367877,0.016500338422133158,0.027460619317366312,0.019824072228743266
MUB,-0.000766456127166748,-0.031846702098846436,0.00582432746887207,0.03897202014923096,227,-0.021652242553969192,0.016018787013749314,0.0491664796941082,0.009428003417710495,0.016018787013749314,0.010194459544877243
TIP,-0.004380583763122559,-0.03255784511566162,0.0024831295013427734,0.04210937023162842,272,-0.016840816799016098,0.018200157817988297,0.05782639854827394,0.011336444553522965,0.018200157817988297,0.015717028316645523
GLD,-0.03436446189880371,-0.19266796112060547,-0.02397465705871582,0.23877108097076416,261,-0.10860365200135821,0.060089652060531434,0.3228353900900114,0.049699847220443544,0.06008965206053143,0.08406430911924725
SLV,-0.0798521637916565,-0.3475492000579834,-0.057425856590270996,0.4117317199707031,244,-0.22821612852675194,0.06190721494096045,0.5310647915019345,0.03948090773957495,0.06190721494096045,0.11933307153123145
USO,-0.0002484917640686035,-0.32241010665893555,-0.0022181272506713867,0.45430660247802734,244,-0.32533100510224916,-0.005139025693984998,0.45138570403471373,-0.003169390207382215,-0.005139025693984998,-0.0029208984433136114
USL,-0.04117459058761597,-0.26228803396224976,-0.023937880992889404,0.2607079744338989,224,-0.22690197224503605,0.011448180724324283,0.2960940361511126,-0.005788528870402279,0.011448180724324283,0.03538606171721369
DBC,-0.06447553634643555,-0.2361358404159546,-0.04442316293716431,0.16737878322601318,246,-0.1751651874691276,0.016547490009662685,0.22834943617284018,-0.003504883399608555,0.016547490009662685,0.06097065294682699
DBA,-0.0002994537353515625,-0.10982608795166016,0.010666131973266602,0.16525208950042725,235,-0.10812895966298305,0.012363260261943707,0.16694921778910435,0.0013976745533255432,0.012363260261943707,0.0016971282886771057
UUP,-0.009586811065673828,-0.07015663385391235,-0.0006844997406005859,0.0659186840057373,233,-0.06030156665030027,0.009170567463011496,0.07577375120934939,0.00026825613793825427,0.009170567463011496,0.009855067203612082
FXF,-0.013941049575805664,-0.07887458801269531,-0.005344867706298828,0.059990525245666504,242,-0.06283656298850723,0.010693157317889244,0.07602855026985458,0.0020969754483824085,0.010693157317889243,0.016038025024188073
FXE,-0.0007998347282409668,-0.07155001163482666,-0.00182265043258667,0.05730295181274414,248,-0.06725519457070225,0.002472166631537735,0.06159776887686855,0.003494982335883438,0.002472166631537735,0.004294817064124405
FXY,0.016772150993347168,-0.09587889909744263,0.002084970474243164,0.1084296703338623,234,-0.10411790958349389,-0.006154040011808101,0.10019065984781104,0.008533140507295903,-0.006154040011808101,-0.008239010486051265
BTC-USD,-0.05524486303329468,-0.5834082365036011,-0.040483295917510986,1.0009682178497314,143,-0.00484947975925365,0.5380754608268364,1.5795269745940788,0.5233138937110527,0.5380754608268364,0.5785587567443474
XLK,-0.04233133792877197,-0.24903738498687744,-0.001484692096710205,0.25999975204467773,332,-0.18843995459964089,0.059112738290526344,0.32059718243191426,0.018266092458464576,0.059112738290526344,0.06059743038723655
XLF,-0.019356966018676758,-0.12345415353775024,0.006830096244812012,0.12335383892059326,332,-0.0880188426756662,0.04226540710689605,0.1587891497826773,0.016078344843407283,0.04226540710689605,0.03543531086208404
XLV,-0.032901108264923096,-0.12559866905212402,-0.008248388767242432,0.11466658115386963,332,-0.07393068005755465,0.04341960022732693,0.166334570148439,0.018766880729646267,0.04341960022732693,0.05166798899456936
XLE,-0.042126476764678955,-0.2078877091407776,-0.013888299465179443,0.20680510997772217,332,-0.14087213052118597,0.05312727915441218,0.2738206885973138,0.024889101854912665,0.05312727915441218,0.06701557861959162
XLI,-0.04967290163040161,-0.28683143854141235,-0.001678466796875,0.31045544147491455,332,-0.23311049880269086,0.052042472941846496,0.36417638121363605,0.004048038108319885,0.052042472941846496,0.053720939738721496
XLY,-0.02552276849746704,-0.20468521118164062,0.010519623756408691,0.21087348461151123,332,-0.1600066979569555,0.05519813698109381,0.25555199783619637,0.01915574472721808,0.05519813698109381,0.04467851322468512
XLP,-0.0032591819763183594,-0.10335230827331543,0.015162229537963867,0.1474747657775879,332,-0.08228712959485016,0.036227408216429134,0.16853994445605316,0.017805996702146908,0.036227408216429134,0.021065178678465267
XLB,-0.013473033905029297,-0.15387696027755737,0.008867979049682617,0.19328176975250244,332,-0.11537556047697059,0.04736937885026941,0.23178316955308922,0.025028365895557493,0.04736937885026941,0.03850139980058679
XLU,-0.011182427406311035,-0.1640947461128235,0.0010199546813964844,0.18342208862304688,332,-0.12094882485535065,0.04416587593886932,0.22656800988051973,0.0319634938511618,0.04416587593886932,0.04314592125747284
KBE,-0.07816928625106812,-0.2357913851737976,-0.04941093921661377,0.10262048244476318,249,-0.15033866957530492,0.036041776381878915,0.18807319804325587,0.007283429347424569,0.03604177638187891,0.08545271559849268
